{
  "id": "",
  "name": "",
  "font_family": "iconfont",
  "css_prefix_text": "icon-",
  "description": "",
  "glyphs": [
    {
      "icon_id": "23296049",
      "name": "YaoQing",
      "font_class": "YaoQing",
      "unicode": "e610",
      "unicode_decimal": 58896
    },
    {
      "icon_id": "23296133",
      "name": "HeartRed",
      "font_class": "HeartRed",
      "unicode": "e611",
      "unicode_decimal": 58897
    },
    {
      "icon_id": "23296159",
      "name": "Service",
      "font_class": "Service",
      "unicode": "e612",
      "unicode_decimal": 58898
    },
    {
      "icon_id": "23296165",
      "name": "ShoppingCart",
      "font_class": "ShoppingCart",
      "unicode": "e613",
      "unicode_decimal": 58899
    },
    {
      "icon_id": "23296285",
      "name": "Heart",
      "font_class": "Heart",
      "unicode": "e614",
      "unicode_decimal": 58900
    },
    {
      "icon_id": "23296369",
      "name": "UpDowm",
      "font_class": "UpDowm",
      "unicode": "e615",
      "unicode_decimal": 58901
    },
    {
      "icon_id": "23296382",
      "name": "ShaiXuan",
      "font_class": "ShaiXuan",
      "unicode": "e616",
      "unicode_decimal": 58902
    },
    {
      "icon_id": "23296416",
      "name": "Del",
      "font_class": "Del",
      "unicode": "e617",
      "unicode_decimal": 58903
    },
    {
      "icon_id": "23296425",
      "name": "Search",
      "font_class": "Search",
      "unicode": "e618",
      "unicode_decimal": 58904
    },
    {
      "icon_id": "23296577",
      "name": "YZM",
      "font_class": "YZM",
      "unicode": "e61a",
      "unicode_decimal": 58906
    },
    {
      "icon_id": "23296662",
      "name": "WX",
      "font_class": "WX",
      "unicode": "e61d",
      "unicode_decimal": 58909
    },
    {
      "icon_id": "23296706",
      "name": "Left",
      "font_class": "Left",
      "unicode": "e61e",
      "unicode_decimal": 58910
    },
    {
      "icon_id": "23296759",
      "name": "Tel",
      "font_class": "Tel",
      "unicode": "e61f",
      "unicode_decimal": 58911
    },
    {
      "icon_id": "23296830",
      "name": "ZFB",
      "font_class": "ZFB",
      "unicode": "e620",
      "unicode_decimal": 58912
    },
    {
      "icon_id": "23297737",
      "name": "Password",
      "font_class": "Password",
      "unicode": "e621",
      "unicode_decimal": 58913
    },
    {
      "icon_id": "23297738",
      "name": "DY",
      "font_class": "DY",
      "unicode": "e622",
      "unicode_decimal": 58914
    },
    {
      "icon_id": "23305648",
      "name": "Oeye",
      "font_class": "Oeye",
      "unicode": "e623",
      "unicode_decimal": 58915
    },
    {
      "icon_id": "23305649",
      "name": "Ceye",
      "font_class": "Ceye",
      "unicode": "e624",
      "unicode_decimal": 58916
    },
    {
      "icon_id": "23353018",
      "name": "Edit",
      "font_class": "Edit",
      "unicode": "e625",
      "unicode_decimal": 58917
    },
    {
      "icon_id": "23449074",
      "name": "Cha",
      "font_class": "Cha",
      "unicode": "e626",
      "unicode_decimal": 58918
    },
    {
      "icon_id": "23460017",
      "name": "ZhangHao",
      "font_class": "ZhangHao",
      "unicode": "e627",
      "unicode_decimal": 58919
    },
    {
      "icon_id": "24695363",
      "name": "right",
      "font_class": "right",
      "unicode": "e628",
      "unicode_decimal": 58920
    },
    {
      "icon_id": "24758734",
      "name": "fail",
      "font_class": "a-zu2420",
      "unicode": "e629",
      "unicode_decimal": 58921
    },
    {
      "icon_id": "24759168",
      "name": "fail",
      "font_class": "fail",
      "unicode": "e62a",
      "unicode_decimal": 58922
    },
    {
      "icon_id": "24902831",
      "name": "xinjain",
      "font_class": "xinjain",
      "unicode": "e62b",
      "unicode_decimal": 58923
    },
    {
      "icon_id": "24902844",
      "name": "xinjain",
      "font_class": "xinjain-copy",
      "unicode": "e62c",
      "unicode_decimal": 58924
    },
    {
      "icon_id": "24915541",
      "name": "wxpay",
      "font_class": "wxpay",
      "unicode": "e62d",
      "unicode_decimal": 58925
    },
    {
      "icon_id": "24915542",
      "name": "pay",
      "font_class": "pay",
      "unicode": "e62e",
      "unicode_decimal": 58926
    }
  ]
}
